id,homepage,domain,url_search_string,label,notes,platform,pub_country,pub_state,media_type,stories_per_week,first_story,primary_language
25,http://www.ocregister.com/,ocregister.com,,Orange County Register,,online_news,USA,US-CA,print_native,642,2005-01-30 00:00:00+00:00,en
279980,http://oklahoman.com/,oklahoman.com,,oklahoman.com,,online_news,,,,,1995-06-20 00:00:00+00:00,en
54,http://www.omaha.com/,omaha.com,,Omaha World-Herald,,online_news,USA,US-NE,print_native,258,1999-11-12 00:00:00+00:00,en
68,http://www.jacksonville.com/,jacksonville.com,,The Florida Times-Union,,online_news,USA,US-FL,print_native,0,1996-09-07 00:00:00+00:00,en
88,http://www.tulsaworld.com/,tulsaworld.com,,Tulsa World,,online_news,USA,US-OK,print_native,27,1995-04-24 00:00:00+00:00,en
91,http://www.heraldtribune.com/,heraldtribune.com,,Sarasota Herald-Tribune,,online_news,USA,US-FL,video_broadcast,,2002-07-17 00:00:00+00:00,en
103,http://www.eastvalleytribune.com/,eastvalleytribune.com,,East Valley Tribune,,online_news,USA,US-AZ,print_native,,2003-03-30 00:00:00+00:00,en
1040,http://realclearpolitics.com/,realclearpolitics.com,,RealClearPolitics,,online_news,USA,,digital_native,441,2005-11-02 00:00:00+00:00,en
1198,http://www.nbcdfw.com/,nbcdfw.com,,kxas nbc 5,,online_news,USA,US-TX,video_broadcast,359,2008-10-16 00:00:00+00:00,en
1199,http://www.wfaa.com/,wfaa.com,,WFAA ABC,,online_news,USA,US-TX,video_broadcast,426,1997-02-19 00:00:00+00:00,en
1360,http://www.cbs12.com/,cbs12.com,,WPEC CBS,,online_news,USA,US-FL,video_broadcast,,2010-12-06 00:00:00+00:00,en
1452,http://www.newson6.com/,newson6.com,,kotv cbs,,online_news,USA,US-OK,video_broadcast,,1999-09-02 00:00:00+00:00,en
1549,http://www.fox23.com,fox23.com,,Fox 23,,online_news,USA,US-OK,video_broadcast,,2006-02-22 00:00:00+00:00,en
1558,http://www.ktul.com,ktul.com,,ktul abc,,online_news,USA,US-OK,video_broadcast,,2012-06-27 00:00:00+00:00,en
1694,https://www.star-telegram.com,star-telegram.com,,star-telegram.com,,online_news,USA,US-TX,print_native,,1996-05-14 00:00:00+00:00,en
18170,http://www.desmoinesregister.com/,desmoinesregister.com,,"The Des Moines Register | Des Moines news, community, entertainment, yellow pages and classifieds. Serving Des Moines, Iowa | De",,online_news,USA,US-IA,print_native,308,1995-12-13 00:00:00+00:00,en
18171,http://thegazette.com/,thegazette.com,,"Eastern Iowa Breaking News and Headlines | thegazette.com - Cedar Rapids, Iowa City",,online_news,USA,US-IA,print_native,,2009-04-03 00:00:00+00:00,en
18172,http://qctimes.com/,qctimes.com,,"Quad-City Times: Quad Cities, IA/IL",,online_news,USA,US-IA,print_native,35,2000-08-02 00:00:00+00:00,en
18173,http://wcfcourier.com/,wcfcourier.com,,WCFCourier.com,,online_news,USA,US-IA,print_native,42,2001-06-04 00:00:00+00:00,en
18174,http://www.siouxcityjournal.com/,siouxcityjournal.com,,Sioux City Journal,,online_news,USA,US-IA,print_native,43,2001-10-02 00:00:00+00:00,en
18177,http://www.amestrib.com/,amestrib.com,,Ames Tribune > Front,,online_news,USA,US-IA,print_native,,2010-11-13 00:00:00+00:00,en
18179,http://globegazette.com/,globegazette.com,,Globe Gazette - North Iowa News,,online_news,USA,US-IA,print_native,79,2006-09-12 00:00:00+00:00,en
18468,http://www.activistpost.com,activistpost.com,,activistpost.com,,online_news,,,,60,2010-06-26 00:00:00+00:00,en
18862,http://www.wnep.com,wnep.com,,wnep.com,,online_news,USA,US-PA,video_broadcast,,2002-08-28 00:00:00+00:00,en
18920,http://www.pennlive.com,pennlive.com,,pennlive.com,,online_news,USA,US-PA,digital_native,1001,2006-07-20 00:00:00+00:00,en
19017,http://cjonline.com,cjonline.com,,cjonline.com,,online_news,USA,US-KS,print_native,,1997-09-18 00:00:00+00:00,en
705144,http://go.sky.com/,sky.com,,sky.com,,online_news,,,,313,2010-07-15 00:00:00+00:00,en
19690,http://www.washingtonexaminer.com/news,washingtonexaminer.com,,Washington Examiner,,online_news,USA,US-DC,print_native,564,1995-10-16 00:00:00+00:00,en
1318069,http://deseret.com/,deseret.com,,deseret.com,,online_news,,,,288,1995-01-17 00:00:00+00:00,en
20755,http://www.thelostogle.com,thelostogle.com,,thelostogle.com,,online_news,,,,8,2009-03-31 00:00:00+00:00,en
21515,http://www.foxbusiness.com,foxbusiness.com,,Fox Business,,online_news,,,,5,2009-12-09 00:00:00+00:00,en
21242,http://thechive.com,thechive.com,,thechive.com,,online_news,,,,141,2008-11-29 00:00:00+00:00,en
21270,http://www.stripes.com,stripes.com,,Stars and Stripes,,online_news,USA,,print_native,71,2000-06-05 00:00:00+00:00,en
21590,http://www.brobible.com,brobible.com,,brobible.com,,online_news,,,,249,2011-09-03 00:00:00+00:00,en
21605,http://www.kcci.com,kcci.com,,kcci.com,,online_news,USA,US-IA,video_broadcast,400,2004-06-07 00:00:00+00:00,en
21615,http://uticaod.com,uticaod.com,,uticaod.com,,online_news,USA,US-NY,print_native,,2009-05-08 00:00:00+00:00,en
21794,http://journalstar.com,journalstar.com,,journalstar.com,,online_news,USA,US-NE,print_native,8,2005-01-16 00:00:00+00:00,en
22387,http://www.fox13now.com,fox13now.com,,fox13now.com,,online_news,USA,US-UT,video_broadcast,67,2012-03-06 00:00:00+00:00,en
23363,http://www.abcactionnews.com,abcactionnews.com,,abcactionnews.com,,online_news,USA,US-FL,video_broadcast,0,2010-03-09 00:00:00+00:00,en
1092,http://www.foxnews.com/,foxnews.com,,Foxnews.com,,online_news,USA,US-NY,video_broadcast,980,2001-02-02 00:00:00+00:00,en
24030,https://naturalnews.com,naturalnews.com,,naturalnews.com,,online_news,,,,94,2001-11-09 00:00:00+00:00,en
24533,http://www.city-journal.org,city-journal.org,,City Journal,,online_news,,,,26,2002-03-27 00:00:00+00:00,en
277890,http://fox35orlando.com/,fox35orlando.com,,fox35orlando.com,,online_news,,,,,2012-04-12 00:00:00+00:00,en
24592,http://www.clickorlando.com,clickorlando.com,,clickorlando.com,,online_news,USA,US-FL,video_broadcast,538,2009-09-30 00:00:00+00:00,en
24686,http://www.kctv5.com,kctv5.com,,kctv5.com,,online_news,USA,US-MO,video_broadcast,,2011-01-15 00:00:00+00:00,en
24708,http://www.10news.com,10news.com,,10news.com,,online_news,USA,US-CA,video_broadcast,93,2003-06-19 00:00:00+00:00,en
24815,http://www.cbs8.com,cbs8.com,,cbs8.com,,online_news,USA,US-CA,video_broadcast,268,2008-07-09 00:00:00+00:00,en
24842,http://www.wesh.com,wesh.com,,wesh.com,,online_news,USA,US-FL,video_broadcast,417,2011-04-20 00:00:00+00:00,en
24931,http://fox8.com,fox8.com,,fox8.com,,online_news,USA,US-OH,video_broadcast,294,2011-04-18 00:00:00+00:00,en
24958,http://www.wbrz.com,wbrz.com,,wbrz.com,,online_news,,,,224,2014-08-08 00:00:00+00:00,en
24978,http://www.actionnewsjax.com,actionnewsjax.com,,actionnewsjax.com,,online_news,USA,US-FL,video_broadcast,,2012-04-11 00:00:00+00:00,en
24997,http://www.floridatoday.com,floridatoday.com,,floridatoday.com,,online_news,USA,US-FL,print_native,235,2005-03-24 00:00:00+00:00,en
25020,http://www.nbc-2.com,nbc-2.com,,nbc-2.com,,online_news,USA,US-FL,video_broadcast,169,1999-09-02 00:00:00+00:00,en
25047,http://www.myfoxphoenix.com,myfoxphoenix.com,,myfoxphoenix.com,,online_news,,,,,2011-07-26 00:00:00+00:00,
25111,http://www.kvoa.com,kvoa.com,,kvoa.com,,online_news,USA,US-AZ,video_broadcast,,1999-09-02 00:00:00+00:00,en
25175,http://www.standard.net,standard.net,,standard.net,,online_news,USA,US-UT,print_native,,2009-10-08 00:00:00+00:00,en
270516,http://fox13news.com/,fox13news.com,,fox13news.com,,online_news,,,,,2011-07-08 00:00:00+00:00,en
25236,http://www.wsoctv.com,wsoctv.com,,wsoctv.com,,online_news,USA,US-NC,video_broadcast,,2010-06-14 00:00:00+00:00,en
25379,http://ktar.com,ktar.com,,ktar.com,,online_news,USA,US-AZ,video_broadcast,450,2012-02-25 00:00:00+00:00,en
25402,http://www.radioiowa.com,radioiowa.com,,radioiowa.com,,online_news,USA,US-IA,video_broadcast,48,2004-02-09 00:00:00+00:00,en
25427,http://www.foxcarolina.com,foxcarolina.com,,foxcarolina.com,,online_news,USA,US-SC,video_broadcast,558,2007-02-18 00:00:00+00:00,en
25468,http://www.firstcoastnews.com,firstcoastnews.com,,firstcoastnews.com,,online_news,USA,US-FL,video_broadcast,337,1996-12-11 00:00:00+00:00,en
25488,http://nationalinterest.org,nationalinterest.org,,National Interest,,online_news,,,,13,1995-12-01 00:00:00+00:00,en
25531,http://www.wptv.com,wptv.com,,wptv.com,,online_news,USA,US-FL,video_broadcast,262,2010-02-04 00:00:00+00:00,en
25596,http://www.wtsp.com,wtsp.com,,wtsp.com,,online_news,USA,US-FL,video_broadcast,361,1996-08-19 00:00:00+00:00,en
25612,http://www.abc15.com,abc15.com,,abc15.com,,online_news,USA,US-AZ,video_broadcast,,2008-06-20 00:00:00+00:00,en
25620,http://www.kmbc.com,kmbc.com,,kmbc.com,,online_news,USA,US-MO,video_broadcast,376,2012-05-17 00:00:00+00:00,en
25664,http://www.wwltv.com,wwltv.com,,wwltv.com,,online_news,USA,US-LA,video_broadcast,332,1999-01-08 00:00:00+00:00,en
25684,http://www.ktvb.com,ktvb.com,,ktvb.com,,online_news,USA,US-ID,video_broadcast,276,1999-05-19 00:00:00+00:00,en
25721,http://www.khou.com,khou.com,,khou.com,,online_news,USA,US-TX,video_broadcast,320,1995-06-15 00:00:00+00:00,en
25740,http://www.azfamily.com,azfamily.com,,azfamily.com,,online_news,USA,US-AZ,video_broadcast,,2010-04-13 00:00:00+00:00,en
25753,http://media2.kshb.com,kshb.com,,media2.kshb.com,,online_news,USA,US-MO,video_broadcast,,2010-07-28 00:00:00+00:00,en
25795,https://lancasteronline.com,lancasteronline.com,,lancasteronline.com,,online_news,USA,US-MA,digital_native,5,2003-08-09 00:00:00+00:00,en
25804,http://www.kktv.com,kktv.com,,kktv.com,,online_news,USA,US-CO,video_broadcast,,2007-01-29 00:00:00+00:00,en
25893,http://www.baynews9.com,baynews9.com,,baynews9.com,,online_news,USA,US-FL,print_native,363,2009-04-13 00:00:00+00:00,en
25954,http://www.weartv.com,weartv.com,,weartv.com,,online_news,USA,US-FL,video_broadcast,,2014-10-30 00:00:00+00:00,en
26212,http://www.bradenton.com,bradenton.com,,bradenton.com,,online_news,USA,US-FL,print_native,,2009-03-18 00:00:00+00:00,en
26301,http://www.news-press.com,news-press.com,,news-press.com,,online_news,USA,US-FL,print_native,192,2009-02-01 00:00:00+00:00,en
26437,http://kdvr.com,kdvr.com,,kdvr.com,,online_news,USA,US-CO,video_broadcast,187,2000-01-01 00:00:00+00:00,en
26586,http://www.poconorecord.com,poconorecord.com,,poconorecord.com,,online_news,USA,US-PA,print_native,,2002-09-14 00:00:00+00:00,en
26590,http://cincinnati.com,cincinnati.com,,cincinnati.com,,online_news,USA,US-OH,digital_native,216,1997-04-28 00:00:00+00:00,en
26672,http://www.whec.com,whec.com,,whec.com,,online_news,USA,US-NY,video_broadcast,,2012-03-28 00:00:00+00:00,en
26710,http://www.ocala.com,ocala.com,,ocala.com,,online_news,USA,US-FL,print_native,,2003-05-24 00:00:00+00:00,en
26899,http://www.bnd.com,bnd.com,,bnd.com,,online_news,USA,US-IL,print_native,,2013-04-29 00:00:00+00:00,en
26975,http://www.katc.com,katc.com,,katc.com,,online_news,USA,US-LA,video_broadcast,137,2013-07-29 00:00:00+00:00,en
27150,http://www.news4jax.com,news4jax.com,,news4jax.com,,online_news,USA,US-FL,video_broadcast,726,2003-10-16 00:00:00+00:00,en
29374,http://www.kcrg.com,kcrg.com,,kcrg.com,,online_news,USA,US-IA,video_broadcast,,2007-08-27 00:00:00+00:00,en
1471815,http://cm.argusleader.com/,argusleader.com,,cm.argusleader.com,,online_news,,,,,2012-05-14 00:00:00+00:00,en
29481,http://www.fox19.com,fox19.com,,fox19.com,,online_news,USA,US-OH,video_broadcast,,2004-10-06 00:00:00+00:00,en
1616430,http://cm.naplesnews.com/,naplesnews.com,,cm.naplesnews.com,,online_news,,,,218,2006-07-08 00:00:00+00:00,en
29632,http://www.kdlt.com,kdlt.com,,kdlt.com,,online_news,USA,US-SD,video_broadcast,,2014-03-12 00:00:00+00:00,en
725751,http://wx.ksn.com/,ksn.com,,wx.ksn.com,,online_news,,,,313,2014-07-30 00:00:00+00:00,en
724163,http://share.click2houston.com/,click2houston.com,,share.click2houston.com,,online_news,,,,544,2002-07-25 00:00:00+00:00,en
1177967,http://amp.kcra.com/,kcra.com,,amp.kcra.com,,online_news,,,,447,2007-03-10 00:00:00+00:00,en
30022,http://www.wafb.com,wafb.com,,wafb.com,,online_news,USA,US-LA,video_broadcast,,2000-07-17 00:00:00+00:00,en
30117,http://www.kwch.com,kwch.com,,kwch.com,,online_news,USA,US-KS,video_broadcast,,2010-06-06 00:00:00+00:00,en
30456,http://www.njherald.com,njherald.com,,njherald.com,,online_news,USA,US-NJ,print_native,,2007-12-12 00:00:00+00:00,en
31376,http://staugustine.com,staugustine.com,,staugustine.com,,online_news,USA,US-FL,print_native,,2000-09-08 00:00:00+00:00,en
31377,http://www.thespectrum.com,thespectrum.com,,thespectrum.com,,online_news,USA,US-UT,print_native,50,1999-01-19 00:00:00+00:00,en
1089450,http://amp.idahostatesman.com/,idahostatesman.com,,amp.idahostatesman.com,,online_news,,,,,2007-08-28 00:00:00+00:00,
32096,http://www.kjrh.com,kjrh.com,,kjrh.com,,online_news,USA,US-OK,video_broadcast,192,1999-05-03 00:00:00+00:00,en
32194,http://www.mitchellrepublic.com,mitchellrepublic.com,,mitchellrepublic.com,,online_news,USA,US-SD,print_native,126,2001-10-31 00:00:00+00:00,en
32669,http://www.wfla.com,wfla.com,,wfla.com,,online_news,USA,US-FL,video_broadcast,321,1999-06-09 00:00:00+00:00,en
33184,http://tasteofcountry.com,tasteofcountry.com,,tasteofcountry.com,,online_news,,,,104,2010-12-06 00:00:00+00:00,en
33400,http://myfox8.com,myfox8.com,,myfox8.com,,online_news,USA,US-NC,video_broadcast,260,2011-07-18 00:00:00+00:00,en
33680,http://www.aberdeennews.com,aberdeennews.com,,aberdeennews.com,,online_news,USA,US-SD,print_native,,2008-05-30 00:00:00+00:00,en
34776,http://www.koaa.com,koaa.com,,koaa.com,,online_news,USA,US-CO,video_broadcast,84,2011-03-14 00:00:00+00:00,en
19562,http://www.marketwatch.com,marketwatch.com,,Market Watch,,online_news,USA,,,285,1998-03-10 00:00:00+00:00,en
35608,http://rapidcityjournal.com,rapidcityjournal.com,,rapidcityjournal.com,,online_news,USA,US-SD,print_native,582,2002-03-27 00:00:00+00:00,en
35631,http://fox6now.com,fox6now.com,,fox6now.com,,online_news,USA,US-WI,video_broadcast,,2011-02-18 00:00:00+00:00,en
66979,http://www.krdo.com/,krdo.com,,krdo.com,,online_news,USA,US-CO,video_broadcast,1283,2010-06-06 00:00:00+00:00,en
376732,http://dev.commentarymagazine.com/,commentarymagazine.com,,dev.commentarymagazine.com,,online_news,,,,13,1995-02-01 00:00:00+00:00,
836714,http://amp.wlky.com/,wlky.com,,amp.wlky.com,,online_news,,,,422,2012-07-21 00:00:00+00:00,en
1739131,http://ec.militarytimes.com/,militarytimes.com,,ec.militarytimes.com,,online_news,,,,51,2007-02-20 00:00:00+00:00,en
265958,http://nj1015.com/,nj1015.com,,nj1015.com,,online_news,,,,293,2011-12-12 00:00:00+00:00,en
1858932,http://amp.news-journalonline.com/,news-journalonline.com,,amp.news-journalonline.com,,online_news,,,,,,en
68276,http://www.wect.com/,wect.com,,wect.com,,online_news,USA,US-NC,video_broadcast,,2005-06-24 00:00:00+00:00,en
68380,http://www.wthr.com/,wthr.com,,wthr.com,,online_news,USA,US-IN,video_broadcast,,2002-06-13 00:00:00+00:00,en
69028,http://rare.us/,rare.us,,rare.us,,online_news,,,,175,2013-05-17 00:00:00+00:00,en
69162,http://www.marinecorpstimes.com/,marinecorpstimes.com,,marinecorpstimes.com,,online_news,,,,42,2008-02-13 00:00:00+00:00,en
69266,http://www.idahopress.com/,idahopress.com,,idahopress.com,,online_news,USA,US-ID,print_native,4,2008-01-15 00:00:00+00:00,en
661018,http://www.lex18.com/home/,lex18.com,,WLEX,,online_news,USA,US-KY,video_broadcast,75,2015-04-21 00:00:00+00:00,en
1420130,http://amp.theadvertiser.com/,theadvertiser.com,,amp.theadvertiser.com,,online_news,,,,70,2013-11-12 00:00:00+00:00,en
69876,http://www.local21news.com/,local21news.com,,local21news.com,,online_news,,,,,2015-05-01 00:00:00+00:00,
670742,http://amp.kansas.com/,kansas.com,,amp.kansas.com,,online_news,,,,,2005-07-10 00:00:00+00:00,
70420,http://www.armytimes.com/,armytimes.com,,ArmyTimes,,online_news,USA,,print_native,43,2008-03-01 00:00:00+00:00,en
70526,http://www.fox5vegas.com/,fox5vegas.com,,fox5vegas.com,,online_news,USA,US-NV,video_broadcast,,2010-12-14 00:00:00+00:00,en
70614,http://www.theledger.com/,theledger.com,,theledger.com,,online_news,USA,US-FL,print_native,,2002-06-24 00:00:00+00:00,en
70638,http://www.navytimes.com/,navytimes.com,,NavyTimes,,online_news,USA,,print_native,43,2008-03-08 00:00:00+00:00,en
70666,http://poststar.com/,poststar.com,,poststar.com,,online_news,USA,US-NY,print_native,8,2002-10-15 00:00:00+00:00,
71152,http://www.wsmv.com/,wsmv.com,,wsmv.com,,online_news,USA,US-TN,video_broadcast,,2011-05-19 00:00:00+00:00,en
71342,http://www.realclearpolicy.com/,realclearpolicy.com,,realclearpolicy.com,,online_news,,,,97,2012-01-20 00:00:00+00:00,en
71994,http://www.kutv.com/,kutv.com,,kutv.com,,online_news,USA,US-UT,video_broadcast,,2014-09-19 00:00:00+00:00,en
72147,http://citizensvoice.com/,citizensvoice.com,,citizensvoice.com,,online_news,USA,US-PA,print_native,,2000-06-27 00:00:00+00:00,en
18966,http://reason.com,reason.com,,reason.com,,online_news,,,,2501,1995-01-01 00:00:00+00:00,en
72816,http://www.algemeiner.com/,algemeiner.com,,algemeiner.com,,online_news,,,,,2009-06-08 00:00:00+00:00,en
72869,http://www.wowktv.com/,wowktv.com,,wowktv.com,,online_news,,,,101,2013-04-19 00:00:00+00:00,en
73292,http://www.wkyt.com/,wkyt.com,,wkyt.com,,online_news,USA,US-KY,video_broadcast,,2007-07-19 00:00:00+00:00,en
73370,http://www.wpsdlocal6.com/,wpsdlocal6.com,,wpsdlocal6.com,,online_news,USA,US-KY,video_broadcast,0,2011-01-03 00:00:00+00:00,en
73554,http://www.wfmz.com/,wfmz.com,,wfmz.com,,online_news,USA,US-PA,video_broadcast,,2011-07-12 00:00:00+00:00,en
1561623,http://amp.macon.com/,macon.com,,amp.macon.com,,online_news,,,,,2010-08-15 00:00:00+00:00,
76332,http://www.wktv.com/,wktv.com,,wktv.com,,online_news,USA,US-NY,video_broadcast,,2008-10-22 00:00:00+00:00,en
1558193,http://cm.ydr.com/,ydr.com,,cm.ydr.com,,online_news,,,,73,2005-10-05 00:00:00+00:00,en
19322,http://www.nbc.com,nbc.com,,NBC,,online_news,,,,,1995-01-14 00:00:00+00:00,en
78560,http://www.wlwt.com/,wlwt.com,,wlwt.com,,online_news,USA,US-OH,video_broadcast,270,2011-01-05 00:00:00+00:00,en
588516,http://amp.dailyrecord.com/,dailyrecord.com,,amp.dailyrecord.com,,online_news,,,,113,2006-04-11 00:00:00+00:00,en
717902,http://daily.gazette.com/,gazette.com,,daily.gazette.com,,online_news,,,,2086,2006-11-21 00:00:00+00:00,en
79136,http://www.wcnc.com/,wcnc.com,,wcnc.com,,online_news,USA,US-NC,video_broadcast,505,1996-08-19 00:00:00+00:00,en
79252,http://whotv.com/,whotv.com,,whotv.com,,online_news,USA,US-IA,video_broadcast,126,2007-02-27 00:00:00+00:00,en
80060,http://www.winknews.com/,winknews.com,,winknews.com,,online_news,USA,US-FL,video_broadcast,148,2015-01-14 00:00:00+00:00,en
80292,http://www.trib.com/,trib.com,,trib.com,,online_news,USA,US-WY,print_native,303,2003-02-28 00:00:00+00:00,en
80313,http://www.dailylocal.com/,dailylocal.com,,dailylocal.com,,online_news,USA,US-PA,print_native,,2001-03-07 00:00:00+00:00,en
80722,http://www.wwaytv3.com/,wwaytv3.com,,wwaytv3.com,,online_news,USA,US-NC,video_broadcast,134,2007-08-16 00:00:00+00:00,en
81549,http://www.shreveporttimes.com/,shreveporttimes.com,,shreveporttimes.com,,online_news,USA,US-LA,print_native,122,2007-11-11 00:00:00+00:00,en
206882,http://on.pnj.com/,pnj.com,,on.pnj.com,,online_news,,,,162,2006-01-21 00:00:00+00:00,en
81904,http://www.13wham.com/,13wham.com,,13wham.com,,online_news,,,,,2011-05-31 00:00:00+00:00,en
843473,http://amp.wgal.com/,wgal.com,,amp.wgal.com,,online_news,,,,458,2005-11-09 00:00:00+00:00,en
84748,http://www.wkrn.com/,wkrn.com,,wkrn.com,,online_news,USA,US-TN,video_broadcast,117,2010-06-24 00:00:00+00:00,en
24745,http://www.nbcsports.com/,nbcsports.com,,NBC Sports,,online_news,USA,,video_broadcast,155,2007-06-18 00:00:00+00:00,en
85710,http://www.ksla.com/,ksla.com,,ksla.com,,online_news,USA,US-LA,video_broadcast,,2007-06-19 00:00:00+00:00,en
1232966,http://industryweek.com:443/,industryweek.com,,industryweek.com:443,,online_news,,,,,1997-12-15 00:00:00+00:00,
86173,http://www.blabbermouth.net/,blabbermouth.net,,blabbermouth.net,,online_news,,,,117,2001-09-14 00:00:00+00:00,en
254072,http://www.iowastatedaily.com/,iowastatedaily.com,,Iowa State Daily,Iowa State,online_news,USA,US-IA,,1,1995-07-13 00:00:00+00:00,en
87980,http://mynews13.com/,mynews13.com,,mynews13.com,,online_news,USA,US-FL,print_native,481,2010-08-19 00:00:00+00:00,en
88101,http://www.theindependent.com/,theindependent.com,,theindependent.com,,online_news,USA,US-NE,print_native,8,2001-01-02 00:00:00+00:00,en
88925,http://www.wvmetronews.com/,wvmetronews.com,,wvmetronews.com,,online_news,USA,US-WV,video_broadcast,128,2013-02-19 00:00:00+00:00,en
89515,http://fox59.com/,fox59.com,,fox59.com,,online_news,USA,US-IN,video_broadcast,142,2012-11-13 00:00:00+00:00,en
89750,http://www.fox8live.com/,fox8live.com,,fox8live.com,,online_news,USA,US-LA,video_broadcast,,2012-07-31 00:00:00+00:00,en
89938,http://www.wbng.com/,wbng.com,,wbng.com,,online_news,USA,US-NY,video_broadcast,,2013-09-16 00:00:00+00:00,en
1787240,http://cm.tcpalm.com/,tcpalm.com,,cm.tcpalm.com,,online_news,,,,254,2008-06-16 00:00:00+00:00,en
1822133,http://amp.thenewsstar.com/,thenewsstar.com,,amp.thenewsstar.com,,online_news,,,,87,,en
25701,http://www.thesun.co.uk/sol/homepage/,thesun.co.uk,,thesun.co.uk,,online_news,,,,2496,2007-05-17 00:00:00+00:00,en
90885,http://www.local12.com/,local12.com,,local12.com,,online_news,,,,,2013-12-31 00:00:00+00:00,en
311585,http://cms.keloland.com/,keloland.com,,cms.keloland.com,,online_news,,,,128,2008-06-20 00:00:00+00:00,en
91233,http://www.kimt.com/,kimt.com,,kimt.com,,online_news,,,,,2014-02-25 00:00:00+00:00,
92026,http://normantranscript.com/,normantranscript.com,,normantranscript.com,,online_news,USA,US-OK,print_native,,2009-03-07 00:00:00+00:00,en
92210,http://www.koco.com/,koco.com,,koco.com,,online_news,USA,US-OK,video_broadcast,448,2010-12-16 00:00:00+00:00,en
166845,http://heraldmailmedia.com/,heraldmailmedia.com,,heraldmailmedia.com,,online_news,,,,,2013-10-30 00:00:00+00:00,en
92482,http://fox4kc.com/,fox4kc.com,,fox4kc.com,,online_news,USA,US-MO,video_broadcast,62,2011-06-09 00:00:00+00:00,en
92733,http://fox43.com/,fox43.com,,fox43.com,,online_news,USA,US-PA,video_broadcast,,2010-11-04 00:00:00+00:00,en
93744,http://www.wbtv.com/,wbtv.com,,wbtv.com,,online_news,USA,US-NC,video_broadcast,,2008-03-17 00:00:00+00:00,en
93764,http://www.gastongazette.com/,gastongazette.com,,gastongazette.com,,online_news,,,,,2006-06-30 00:00:00+00:00,en
1206698,http://stage.autonews.com/,autonews.com,,stage.autonews.com,,online_news,,,,318,2000-06-19 00:00:00+00:00,en
94537,http://www.1011now.com/,1011now.com,,1011now.com,,online_news,USA,US-NE,video_broadcast,,2010-12-22 00:00:00+00:00,en
94594,http://www.inman.com/,inman.com,,inman.com,,online_news,,,,0,2008-02-11 00:00:00+00:00,en
96003,http://www.wibw.com/,wibw.com,,wibw.com,,online_news,USA,US-KS,video_broadcast,,2004-07-31 00:00:00+00:00,en
96380,http://kfor.com/,kfor.com,,kfor.com,,online_news,USA,US-OK,video_broadcast,101,2011-05-18 00:00:00+00:00,en
86707,http://www.kwqc.com/,kwqc.com,,kwqc.com,,online_news,,,,,2012-09-07 00:00:00+00:00,
1848882,http://amp.nwfdailynews.com/,nwfdailynews.com,,amp.nwfdailynews.com,,online_news,,,,,,en
98913,http://www.hngn.com/,hngn.com,,hngn.com,,online_news,,,,276,2012-10-15 00:00:00+00:00,en
99254,http://www.okcfox.com/,okcfox.com,,okcfox.com,,online_news,USA,US-OK,video_broadcast,,2013-11-02 00:00:00+00:00,en
100163,http://www.greeleytribune.com/,greeleytribune.com,,greeleytribune.com,,online_news,USA,US-CO,print_native,350,2002-11-20 00:00:00+00:00,en
101117,http://www.ketv.com/,ketv.com,,ketv.com,,online_news,USA,US-NE,video_broadcast,449,2011-01-13 00:00:00+00:00,en
106275,http://wpbf.com/,wpbf.com,,wpbf.com,,online_news,USA,US-FL,video_broadcast,386,2000-10-01 00:00:00+00:00,en
106375,http://wxii12.com/,wxii12.com,,wxii12.com,,online_news,USA,US-NC,video_broadcast,407,2008-06-25 00:00:00+00:00,en
109670,http://wbko.com/,wbko.com,,wbko.com,,online_news,USA,US-KY,video_broadcast,,2009-05-01 00:00:00+00:00,en
111693,http://cpbj.com/,cpbj.com,,cpbj.com,,online_news,,,,25,2011-10-13 00:00:00+00:00,en
112798,http://insidesources.com/,insidesources.com,,insidesources.com,,online_news,,,,0,2014-04-28 00:00:00+00:00,
113179,http://wowt.com/,wowt.com,,wowt.com,,online_news,USA,US-NE,video_broadcast,,2004-12-08 00:00:00+00:00,en
114251,http://lsureveille.com/,lsureveille.com,,lsureveille.com,,online_news,USA,US-LA,print_native,0,2005-04-27 00:00:00+00:00,en
114470,http://kwwl.com/,kwwl.com,,kwwl.com,,online_news,USA,US-IA,video_broadcast,,2010-05-12 00:00:00+00:00,en
115696,http://kearneyhub.com/,kearneyhub.com,,kearneyhub.com,,online_news,USA,US-NE,print_native,4,2006-04-12 00:00:00+00:00,en
117986,http://cumberlink.com/,cumberlink.com,,cumberlink.com,,online_news,USA,US-PA,print_native,8,2005-09-23 00:00:00+00:00,en
311496,http://telegraphherald.com/,telegraphherald.com,,telegraphherald.com,,online_news,USA,US-IA,print_native,581,2012-05-25 00:00:00+00:00,en
119612,http://klkntv.com/,klkntv.com,,klkntv.com,,online_news,USA,US-NE,video_broadcast,108,1999-09-02 00:00:00+00:00,en
126371,http://fox10phoenix.com/,fox10phoenix.com,,fox10phoenix.com,,online_news,USA,US-AZ,video_broadcast,,2012-03-29 00:00:00+00:00,en
126719,http://wjactv.com/,wjactv.com,,wjactv.com,,online_news,USA,US-PA,video_broadcast,,2014-09-02 00:00:00+00:00,en
131404,http://fox17.com/,fox17.com,,fox17.com,,online_news,USA,US-TN,video_broadcast,,2015-04-14 00:00:00+00:00,en
131760,http://barstoolsports.com/,barstoolsports.com,,barstoolsports.com,,online_news,,,,1,2013-10-05 00:00:00+00:00,
132908,http://www.oudaily.com/,oudaily.com,,OU Daily,University of Oklahoma,online_news,USA,US-OK,print_native,1,2001-04-05 00:00:00+00:00,en
135975,http://onwardstate.com/,onwardstate.com,,onwardstate.com,,online_news,,,,83,2008-11-21 00:00:00+00:00,en
138677,http://businessreport.com/,businessreport.com,,businessreport.com,,online_news,USA,US-LA,print_native,68,2012-03-20 00:00:00+00:00,en
139899,http://ksfy.com/,ksfy.com,,ksfy.com,,online_news,USA,US-SD,video_broadcast,,2012-11-06 00:00:00+00:00,en
141006,http://www.dailynebraskan.com/,dailynebraskan.com,,The Daily Nebraskan,University of Nebraska‚ÄìLincoln,online_news,USA,US-NE,print_native,1,2000-11-29 00:00:00+00:00,en
144472,http://wabi.tv/,wabi.tv,,wabi.tv,,online_news,USA,US-ME,video_broadcast,,2009-10-15 00:00:00+00:00,en
144609,http://bgdailynews.com/,bgdailynews.com,,bgdailynews.com,,online_news,USA,US-KY,print_native,,2005-06-18 00:00:00+00:00,en
145193,http://wearecentralpa.com/,wearecentralpa.com,,wearecentralpa.com,,online_news,USA,US-PA,video_broadcast,99,2008-08-18 00:00:00+00:00,en
18733,http://www.oregonlive.com,oregonlive.com,,oregonlive.com,,online_news,,,,627,1996-01-03 00:00:00+00:00,en
147903,http://247sports.com/,247sports.com,,247sports.com,,online_news,USA,,digital_native,198,2006-10-01 00:00:00+00:00,en
471977,http://reg.realtor.org/,realtor.org,,reg.realtor.org,,online_news,,,,,2013-12-04 00:00:00+00:00,
157176,http://success.com/,success.com,,success.com,,online_news,,,,20,2009-01-05 00:00:00+00:00,en
161226,http://jimrome.com/,jimrome.com,,jimrome.com,,online_news,,,,0,2015-07-09 00:00:00+00:00,
165640,http://bigcatcountry.com/,bigcatcountry.com,,bigcatcountry.com,,online_news,,,,8,2012-11-08 00:00:00+00:00,en
172923,http://newsherald.com/,newsherald.com,,newsherald.com,,online_news,USA,US-FL,video_broadcast,,2011-06-25 00:00:00+00:00,en
181404,http://nonpareilonline.com/,nonpareilonline.com,,nonpareilonline.com,,online_news,,,,2,2005-06-18 00:00:00+00:00,
1154,http://hosted.ap.org/dynamic/fronts/HOME?SITE=AP,ap.org,,ap.org,,online_news,USA,,other,255,2004-12-10 00:00:00+00:00,en
187737,http://wccbcharlotte.com/,wccbcharlotte.com,,wccbcharlotte.com,,online_news,USA,US-NC,video_broadcast,181,2015-09-11 00:00:00+00:00,en
190961,http://businessrecord.com/,businessrecord.com,,businessrecord.com,,online_news,USA,US-IA,print_native,2,2010-09-25 00:00:00+00:00,en
206447,http://breaking911.com/,breaking911.com,,breaking911.com,,online_news,,,,0,2014-11-17 00:00:00+00:00,en
210667,http://mysuncoast.com/,mysuncoast.com,,mysuncoast.com,,online_news,USA,US-FL,print_native,,2013-05-10 00:00:00+00:00,en
210669,http://cbs2iowa.com/,cbs2iowa.com,,cbs2iowa.com,,online_news,USA,US-IA,video_broadcast,,2015-04-02 00:00:00+00:00,en
211291,http://www.ocolly.com/,ocolly.com,,The O'Colly,Oklahoma State University,online_news,USA,US-OK,print_native,0,2014-11-02 00:00:00+00:00,en
20120,http://www.nj.com,nj.com,,nj.com,,online_news,USA,US-NJ,digital_native,1911,2001-05-20 00:00:00+00:00,en
223071,http://pahomepage.com/,pahomepage.com,,pahomepage.com,,online_news,USA,US-PA,video_broadcast,106,2013-06-26 00:00:00+00:00,en
223502,http://wtxl.com/,wtxl.com,,wtxl.com,,online_news,USA,US-FL,print_native,21,2013-04-03 00:00:00+00:00,en
232919,http://emporiagazette.com/,emporiagazette.com,,emporiagazette.com,,online_news,USA,US-KS,print_native,,2007-06-28 00:00:00+00:00,en
237127,http://idahonews.com/,idahonews.com,,idahonews.com,,online_news,,,,,2012-03-10 00:00:00+00:00,
265500,http://chainstoreage.com/,chainstoreage.com,,chainstoreage.com,,online_news,,,,79,2008-09-22 00:00:00+00:00,en
270462,http://fox32chicago.com/,fox32chicago.com,,fox32chicago.com,,online_news,,,,,2015-06-03 00:00:00+00:00,en
270639,http://foxla.com/,foxla.com,,foxla.com,,online_news,,,,,2015-03-01 00:00:00+00:00,en
277874,http://floridapolitics.com/,floridapolitics.com,,floridapolitics.com,,online_news,,,,184,2013-09-05 00:00:00+00:00,en
277903,http://fox9.com/,fox9.com,,fox9.com,,online_news,,,,,2014-02-26 00:00:00+00:00,en
290868,http://liftbump.com/,liftbump.com,,liftbump.com,,online_news,,,,0,2016-03-28 00:00:00+00:00,en
298770,http://theduran.com/,theduran.com,,Duran,,online_news,,,,50,2015-03-03 00:00:00+00:00,en
303163,http://anonews.co/,anonews.co,,anonews.co,,online_news,,,,0,2016-02-02 00:00:00+00:00,en
325059,http://idropnews.com/,idropnews.com,,idropnews.com,,online_news,,,,27,2016-01-21 00:00:00+00:00,en
343960,http://statter911.com/,statter911.com,,statter911.com,,online_news,,,,,2011-01-07 00:00:00+00:00,en
359778,http://faithreel.com/,faithreel.com,,faithreel.com,,online_news,,,,0,2016-03-03 00:00:00+00:00,
25249,http://www.unionleader.com,unionleader.com,,Union Leader,,online_news,,,,,2011-05-11 00:00:00+00:00,en
21193,http://www.thesmokinggun.com,thesmokinggun.com,,The Smoking Gun,,online_news,,,,6,2003-08-24 00:00:00+00:00,en
383996,http://3newsnow.com/,3newsnow.com,,3newsnow.com,,online_news,,,,34,2015-10-12 00:00:00+00:00,en
463471,http://nashcountrydaily.com/,nashcountrydaily.com,,nashcountrydaily.com,,online_news,,,,2,2016-07-06 00:00:00+00:00,
475328,http://inspiremore.com/,inspiremore.com,,inspiremore.com,,online_news,,,,89,2015-02-04 00:00:00+00:00,en
117501,http://journalrecord.com/,journalrecord.com,,journalrecord.com,,online_news,USA,US-OK,print_native,59,2010-02-26 00:00:00+00:00,en
